<?xml version="1.0" encoding="utf-8"?>
<odoo>
    <data noupdate="1">
        <!--        Data file for the follow-up lines-->
        <record model="followup.line" id="followup_line_id">
            <field name="name">Reminder</field>
            <field name="delay">5</field>
        </record>
        <record model="account.followup" id="followup">
            <field name="followup_line_ids"
                   eval="[(6,0,[ref('followup_line_id')])]"/>
        </record>
    </data>
</odoo>
